10000001;Juan Perez;juan.perez@example.com;3001234567;https://ingenieria.javeriana.edu.co/documents/1569590/13145951/im-andres-moreno-2024.jpg/a42633ca-b7ec-477f-6a4e-a1589961b317
10000002;Maria Gomez;maria.gomez@example.com;3012345678;https://ingenieria.javeriana.edu.co/documents/1569590/6377497/alexandra_pomares.png/29424f30-bc81-c1e3-382d-03e0dc6e6c53
10000003;Luis Martinez;luis.martinez@example.com;3023456789;https://ingenieria.javeriana.edu.co/documents/1569590/13146329/im-carlos-parra-2024.jpg/326b68e4-0ff3-f900-d50c-cf2d3163766b
10000004;Ana Rodriguez;ana.rodriguez@example.com;3034567890;https://ingenieria.javeriana.edu.co/documents/1569590/13145934/im-pilar-rueda-2024.jpg/987bac0c-1f02-e8fd-36a1-9311f8879ded
10000005;Carlos Sanchez;carlos.sanchez@example.com;3045678901;https://ingenieria.javeriana.edu.co/documents/1569590/13146430/im-cesar-bustacara-2024.jpg/d9158c0f-6af5-57ec-5287-9edbb5bfef1d
10000006;Laura Diaz;laura.diaz@example.com;3056789012;https://ingenieria.javeriana.edu.co/documents/1569590/13146306/im-angela-carrillo-2024.jpg/0b072f10-b928-f776-f11a-9431921e5774
10000007;Pedro Ramirez;pedro.ramirez@example.com;3067890123;https://ingenieria.javeriana.edu.co/documents/1569590/13146446/im-edgar-ruiz-2024.jpg/b28a99c1-fa27-cb2e-60d4-2dbe66a97f28
10000008;Sofia Torres;sofia.torres@example.com;3078901234;https://ingenieria.javeriana.edu.co/documents/1569590/13146414/im-cecile-gautier-2024.jpg/52790a46-c344-61c0-e8e3-a3c3f04f075c
10000009;Jose Rojas;jose.rojas@example.com;3089012345;https://ingenieria.javeriana.edu.co/documents/1569590/13146462/im-efrain-ortiz-2024.jpg/dc6e33dc-5993-6676-97c8-6d3f6617655d
10000010;Mariela Distribuida;mariela.distribuida@javeriana.edu.co;3090123456;https://ingenieria.javeriana.edu.co/documents/1569590/13146901/im-mariela-curiel-2024.jpg/da0ee0cf-6743-9768-f41c-87894922c831
10000011;Andres Castillo;andres.castillo@example.com;3101234567;https://ingenieria.javeriana.edu.co/documents/1569590/13146478/im-enrique-guerrero-2024.jpg/ba861c46-14e4-496b-5779-c1d5af3f151d
10000012;Paula Ortiz;paula.ortiz@example.com;3112345678;https://1.bp.blogspot.com/-dJZgBNsMGZA/X0_dr4mkvLI/AAAAAAAAbfk/Qi1vmSbT2KgJm9FkNcEUScfiasKyiIAgwCLcBGAsYHQ/s1600/Thomas%2Bthe%2Btrain%2B2.png
10000013;Diego Morales;diego.morales@example.com;3123456789;https://ingenieria.javeriana.edu.co/documents/1569590/13146496/im-jaime-pavlich-2024.jpg/3414cf02-a3ce-6108-1595-0eed4419d72a
10000014;Majitoys Kardenas;majitoys@ladrona.gatos;3134567890;https://avatars.githubusercontent.com/u/133521849?v=4
10000015;Miguel Herrera;miguel.herrera@example.com;3145678901;https://ingenieria.javeriana.edu.co/documents/1569590/13146614/im-javier-lopez-2024.jpg/52172f7e-34c6-b4be-1077-b8d2675f60e5
10000016;Gustavino;gustavino@my.g;3156789012;https://avatars.githubusercontent.com/u/133521849?v=4
10000017;Fernando Romero;fernando.romero@example.com;3167890123;https://ingenieria.javeriana.edu.co/documents/1569590/13146630/im-jhon-corredor-2024.jpg/4b164fa2-d35f-fe0a-3b61-4255b0596c6b
10000018;Alexoberco Bermu;alexoberco@zzz.halo;3178901234;https://avatars.githubusercontent.com/u/133521849?v=4
10000019;Ricardo Garcia;ricardo.garcia@example.com;3189012345;https://ingenieria.javeriana.edu.co/documents/1569590/13146646/im-jose-hurtadoo-2024.jpg/24781a29-d7cd-0617-9a52-ae424d0b5f27
10000020;Juligo Gameplays;juligo@gameplays.com;3190123456;https://avatars.githubusercontent.com/u/133521849?v=4
10000021;Alejandro Pena;alejandro.pena@example.com;3201234567;https://ingenieria.javeriana.edu.co/documents/1569590/13146662/im-juan-gonzales-2024.jpg/a70808ad-b074-2fc1-0406-f2ec913948d4
10000022;El de Verdad;mentira@chistoso.co;3002345678;https://avatars.githubusercontent.com/u/133521849?v=4
10000023;Francisco Vega;francisco.vega@example.com;3013456789;https://ingenieria.javeriana.edu.co/documents/1569590/13146679/im-juan-erasmor-2024.jpg/7d87001a-fdf3-ea88-d56c-42101a2eec42
10000024;Javier Santa Adioslalla;ja@santa.adios.lalla;3024567890;https://avatars.githubusercontent.com/u/133521849?v=4
10000025;El Preciosuro;el.preciosuro@javeriana.edu.co;3035678901;https://ingenieria.javeriana.edu.co/documents/1569590/13146804/im-julio-carreno-2024.jpg/6686a54c-9813-30ba-1a1b-340ef279f2d4
10000026;Natalia Paredes;natalia.paredes@example.com;3046789012;https://th.bing.com/th/id/OIP.ngoZNJP6dx9DAqRxwncYQgHaE8?rs=1&pid=ImgDetMain
10000027;Jorge Rios;jorge.rios@example.com;3057890123;https://ingenieria.javeriana.edu.co/documents/1569590/13146820/im-julio-palacio-2024.jpg/4213be2c-3d18-126d-914f-3efddc69697f
10000028;Monica Delgado;monica.delgado@example.com;3068901234;https://th.bing.com/th/id/OIP.lbTKwjJb-zx2njv2dq916QAAAA?rs=1&pid=ImgDetMain
10000029;Santiago Cruz;santiago.cruz@example.com;3079012345;https://ingenieria.javeriana.edu.co/documents/1569590/13146836/im-leonardo-florez-2024.jpg/338eb61a-2e3f-d354-3515-0b7fee8f8fb2
10000030;Adriana Ramirez;adriana.ramirez@example.com;3080123456;https://st4.depositphotos.com/9876904/20685/v/1600/depositphotos_206854754-stock-illustration-tree-branch-leaf-white-background.jpg
10000031;Sebastian Vargas;sebastian.vargas@example.com;3091234567;https://ingenieria.javeriana.edu.co/documents/1569590/13146852/im-carlos-chaparro-2024.jpg/7a81d303-8a61-e907-57c2-fa3ba5e13a48
10000032;Claudia Flores;claudia.flores@example.com;3102345678;https://i.pinimg.com/originals/b0/18/fb/b018fb9539d829dbe37e449aa320fce9.png
10000033;Manuel Medina;manuel.medina@example.com;3113456789;https://ingenieria.javeriana.edu.co/documents/1569590/13146868/im-gabriel-moreno-2024.jpg/34a0bba6-affe-9698-d824-cd0d06bedadc
10000034;Karla Lopez;karla.lopez@example.com;3124567890;https://th.bing.com/th/id/OIP._N3FHPRl3h0Edk8TnANhdgHaEJ?rs=1&pid=ImgDetMain
10000035;OD alias te presento un amigo;oscar.danilo@javeriana.edu.co;3135678901;https://ingenieria.javeriana.edu.co/documents/1569590/13146917/im-oscar-martinez-2024.jpg/fa25365d-ea1c-94ce-5518-c11170c7cab7
10000036;Elena Martinez;elena.martinez@example.com;3146789012;https://th.bing.com/th/id/R.ab69f1443b15b24a6dfb0e0f9e2640c8?rik=CR%2buY47%2fz9%2bwZA&pid=ImgRaw&r=0
10000037;El Arquetipos;rafael.arquetipo@javeriana.edu.co;3157890123;https://ingenieria.javeriana.edu.co/documents/1569590/13146933/im-rafael-gonzalez-2024.jpg/b9c7cdb3-b6a2-c95d-8c4f-5a0b75dd6ed6
10000038;Patricia Rojas;patricia.rojas@example.com;3168901234;https://th.bing.com/th/id/OIP.ObEJNolb9E4DHWoKuuzmQwHaHa?rs=1&pid=ImgDetMain
10000039;Fabian Jimenez;fabian.jimenez@example.com;3179012345;https://ingenieria.javeriana.edu.co/documents/1569590/13146949/im-rafael-paez-2024.jpg/08f73ae9-f9fc-37cb-fd2a-3cd6521b37c8
10000040;Silvia Herrera;silvia.herrera@example.com;3180123456;https://www.montesdetoledo.net/images/comarca/historia/hierro/Gibeon.jpg
10000041;Sharly;sharly.dev@muy.lindo.com;3191234567;https://avatars.githubusercontent.com/u/133521849?v=4
10000042;Alicia Dominguez;alicia.dominguez@example.com;3202345678;https://th.bing.com/th/id/OIP.Y796b11Ydmws5w_SP7bhzQHaHa?rs=1&pid=ImgDetMain
10000043;La Noche Caida;dfallen.knight@papasito.com;3003456789;https://avatars.githubusercontent.com/u/133521849?v=4
10000044;Gloria Castro;gloria.castro@example.com;3014567890;https://img.apmcdn.org/54f6e36d42e62229d23d2fcc84d413b155f3997a/uncropped/e31ffd-20080219-castro.jpg
10000045;Oscar Guerrero;oscar.guerrero@example.com;3025678901;https://th.bing.com/th/id/OIP.ffVcz5kogJjoimH2g74DcAAAAA?rs=1&pid=ImgDetMain
10000046;Beatriz Vega;beatriz.vega@example.com;3036789012;https://th.bing.com/th/id/OIP.8GvTje7h2ewJLLoDq6hJJwHaGl?rs=1&pid=ImgDetMain
10000047;Ignacio Cortes;ignacio.cortes@example.com;3047890123;https://th.bing.com/th/id/R.acae1098c3ac3ca6da0d59f65bdf956e?rik=cckGAKM9D4OXVg&pid=ImgRaw&r=0
10000048;Carmen Rivera;carmen.rivera@example.com;3058901234;https://th.bing.com/th/id/OIP.377GbIdA4jFZijHcCJXXZQHaF2?rs=1&pid=ImgDetMain
10000049;Esteban Ponce;esteban.ponce@example.com;3069012345;https://th.bing.com/th/id/OIP.Fxwdwf5zBlbp1eWZzyDUKwHaEo?rs=1&pid=ImgDetMain
10000050;Veronica Reyes;veronica.reyes@example.com;3070123456;https://wapa.cronosmedia.glr.pe/original/2022/09/08/631a436a50b677085a4993bd.jpg
