1;1234567890;contrasena1;Medicina General;Profesor Super O;activo;https://s3.amazonaws.com/rtvc-assets-misenal.tv/ms-public/imagenes/banner2_4.png?VersionId=null
2;1234567891;contrasena2;Cirugia;Sevichica;activo;https://s3.amazonaws.com/rtvc-assets-misenal.tv/ms-public/2020-08/Personaje3.png?null
3;1234567892;contrasena3;Odontologia;Tal Cual;activo;https://www.besame.fm/wp-content/uploads/2023/06/Colp_HF122349.jpg
4;1234567893;contrasena4;Medicina Interna;Betty La Fea;activo;https://th.bing.com/th/id/OIP.S4l1L8myGL2HFWHB-cBtMAHaEL?rs=1&pid=ImgDetMain
5;1234567894;contrasena5;Traumatologia;Jaime Garzon;activo;https://th.bing.com/th/id/OIP.wnUmMJO99zMcK4TiH2-XewHaE8?rs=1&pid=ImgDetMain
6;1234567895;contrasena6;Cardiologia;Jamesito Rodriguez;activo;https://technosports.co.in/wp-content/uploads/2018/08/james-rodriguez.jpg
7;1234567896;contrasena7;Oncologia;Alvaro Uribe Ve;activo;https://th.bing.com/th/id/R.046ccc24f71b6fa28aa44e3d63f2974b?rik=xDChq6yq7YR85A&pid=ImgRaw&r=0
8;1234567897;contrasena8;Medicina Preventiva;Carlos Vives;activo;https://cdn.goconqr.com/uploads/media/image/10681697/desktop_1d86a5ad-a0db-4fc2-bed2-2076743b9445.jpg
9;1234567898;contrasena9;Neurologia;El Pibe;activo;https://th.bing.com/th/id/R.165ea2111112bbe94a14d2b39b62b57b?rik=wvd5iwxpZ10U%2bw&pid=ImgRaw&r=0
10;1234567899;contrasena10;Endocrinologia;Jorge Rausch;activo;https://th.bing.com/th/id/OIF.T8Z6UHImU18nJaX7COdolw?rs=1&pid=ImgDetMain
11;1234567800;contrasena11;Medicina General;Chris Carpentier;activo;https://th.bing.com/th/id/OIP.kmAyYTCO-uccezs6HjqkgQHaEK?rs=1&pid=ImgDetMain
12;1234567801;contrasena12;Medicina Interna;Nicolas de Zubiria;activo;https://www.las2orillas.co/wp-content/uploads/2015/01/nicolas-zubiria.png
13;1234567802;contrasena13;Odontologia;Rigo;activo;https://th.bing.com/th/id/OIP.VdTAgWyVypGFWI1-ZT_NewHaEK?rs=1&pid=ImgDetMain
14;1234567803;contrasena14;Cardiologia;Diego Trujillo;activo;https://upload.wikimedia.org/wikipedia/commons/thumb/d/d4/Diego_Trujillo_2017.jpg/330px-Diego_Trujillo_2017.jpg
15;1234567804;contrasena15;Traumatologia;Hassam;activo;https://upload.wikimedia.org/wikipedia/commons/thumb/6/6e/Hassam_2016.jpg/330px-Hassam_2016.jpg
16;1234567805;contrasena16;Oncologia;Variel Sanchez;activo;https://upload.wikimedia.org/wikipedia/commons/thumb/4/4a/Variel_S%C3%A1nchez.jpg/330px-Variel_S%C3%A1nchez.jpg
17;1234567806;contrasena17;Neurologia;Ernesto Calzadilla;activo;https://cdn.colombia.com/sdi/2019/08/26/ernesto-calzadilla-hablo-sobre-su-salida-del-reality-yo-me-llamo-763918.jpg
18;1234567807;contrasena18;Medicina Preventiva;Franco Escamilla;activo;https://flxt.tmsimg.com/assets/939577_v9_aa.jpg
19;1234567808;contrasena19;Endocrinologia;Juanpis Gonzalez;activo;https://th.bing.com/th/id/OIP.U1k-s3MhV4Rni3evC7tTewHaEK?rs=1&pid=ImgDetMain
20;1234567809;contrasena20;Medicina General;Lokillo;activo;https://th.bing.com/th/id/R.f3766cf984f3ce48df33b6ccd87777a8?rik=MYo52XomXmIVBg&pid=ImgRaw&r=0
21;1234567810;contrasena21;Medicina Interna;Ricardo Quevedo;activo;https://th.bing.com/th/id/OIP.9jwzK8YoTd7V5p8HypsUiAHaEK?rs=1&pid=ImgDetMain
22;1234567811;contrasena22;Odontologia;Camilo Sanchez;activo;https://th.bing.com/th/id/OIP.aZABXrwO_rhdzXSO-3SOMQHaEK?rs=1&pid=ImgDetMain
23;1234567812;contrasena23;Cardiologia;Camilo Pardo;activo;https://smokingmolly.com.co/wp-content/uploads/2021/03/camilo-pardo-comediante.jpg
24;1234567813;contrasena24;Traumatologia;Maluma;activo;https://static.billboard.com/files/media/maluma-bb10-fea-sy2js1-w-2017-billboard-1548-compressed.jpg
25;1234567814;contrasena25;Oncologia;La Roca;activo;https://i.pinimg.com/originals/53/0b/cf/530bcfe9f875c4c17ae3013896e51d84.jpg
